system,seat,flat_bet_per_100_rounds,flat_bet_std_error,bet_1_3_per_100_rounds,bet_0_3_per_100_rounds
DQN linear,1,-0.442818,0.011347,0.117113,0.839895
DQN linear,2,-0.437337,0.011347,0.133672,0.856513
DQN linear,3,-0.433894,0.011347,0.132381,0.849413
DQN 2×64,1,-0.443655,0.011354,0.111325,0.832470
DQN 2×64,2,-0.437697,0.011353,0.137941,0.863457
DQN 2×64,3,-0.439162,0.011353,0.119608,0.838156
Wong Halves,1,-0.476029,0.011467,0.018296,0.741488
Wong Halves,2,-0.461007,0.011467,0.034888,0.743843
Wong Halves,3,-0.467253,0.011467,0.024631,0.737824
Zen Count,1,-0.470592,0.011456,0.027081,0.746511
Zen Count,2,-0.457898,0.011456,0.032915,0.736219
Zen Count,3,-0.466242,0.011455,0.014462,0.721056
Omega II,1,-0.476120,0.011451,0.004797,0.721375
Omega II,2,-0.456858,0.011451,0.025502,0.723540
Omega II,3,-0.461591,0.011451,0.008973,0.705846
Hi-Lo,1,-0.489094,0.011440,-0.020473,0.702933
Hi-Lo,2,-0.470105,0.011440,-0.000613,0.704238
Hi-Lo,3,-0.468921,0.011440,-0.004876,0.696067
Hi-Opt II,1,-0.467101,0.011438,0.004654,0.707632
Hi-Opt II,2,-0.459504,0.011438,0.004993,0.696746
Hi-Opt II,3,-0.460077,0.011438,0.002953,0.694547
Hi-Opt I,1,-0.471778,0.011424,-0.032548,0.658845
Hi-Opt I,2,-0.457303,0.011424,-0.016083,0.661830
Hi-Opt I,3,-0.464367,0.011423,-0.035821,0.642819
Knock-Out,1,-0.512947,0.011462,-0.079108,0.650759
Knock-Out,2,-0.504695,0.011463,-0.082495,0.633301
Knock-Out,3,-0.507170,0.011461,-0.072823,0.651519
